solu temp,solu time,aging temp1,aging time1,aging temp2,aging time2,Co,Al,W,Ni,Cr,Mo,Fe,Nb,C,Hf,Si,Ta,Ti,Y,V,B,Zr,Ir,Mn,Sc,La,Re,Temperature,Time,pred
1300,12,900,200.0,0,0,81.9,8.4,9.7,0.0,0.0,0,0,0,0,0,0,0,0,0,0,0.04,0,0,0,0,0,0,800,31.12,3.2096999343979564
1250,12,1197,0.5,0,0,40.0,10.0,2.0,35.0,5.0,2,0,1,0,0,0,3,2,0,0,0.0,0,0,0,0,0,0,800,50.0,0.255398058401729
1250,12,1173,0.5,0,0,40.0,10.0,2.0,35.0,5.0,2,0,1,0,0,0,1,4,0,0,0.0,0,0,0,0,0,0,900,100.0,1.4390788290098788
1250,12,900,100.0,0,0,76.7,8.6,7.6,0.0,7.1,0,0,0,0,0,0,0,0,0,0,0.0,0,0,0,0,0,0,900,9.07,1.5791288653346653
1250,12,900,100.0,0,0,57.5,8.5,7.2,19.8,7.1,0,0,0,0,0,0,0,0,0,0,0.0,0,0,0,0,0,0,850,100.0,1.2050715312256368
